<?xml version="1.0" encoding="UTF-8"?>
<project-private xmlns="http://www.netbeans.org/ns/project-private/1">
    <editor-bookmarks xmlns="http://www.netbeans.org/ns/editor-bookmarks/2" lastBookmarkId="0"/>
    <open-files xmlns="http://www.netbeans.org/ns/projectui-open-files/2">
        <group>
            <file>file:/C:/xampp/htdocs/tiendav1/templates_c/f596f5b1d1fd63652843a4ec4e9fe1cda7c4fa43_0.file.login.tpl.php</file>
            <file>file:/C:/xampp/htdocs/tiendav1/smarty/productos.tpl</file>
            <file>file:/C:/xampp/htdocs/tiendav1/BD.php</file>
            <file>file:/C:/xampp/htdocs/tiendav1/productos.php</file>
            <file>file:/C:/xampp/htdocs/tiendav1/newhtml.html</file>
            <file>file:/C:/xampp/htdocs/tiendav1/login.php</file>
            <file>file:/C:/xampp/htdocs/tiendav1/templates_c/f071d27d66cd24ad623642df49ffbbced3d79c9b_0.file.cesta.tpl.php</file>
            <file>file:/C:/xampp/htdocs/tiendav1/smarty/listaProducto.tpl</file>
            <file>file:/C:/xampp/htdocs/tiendav1/smarty/login.tpl</file>
            <file>file:/C:/xampp/htdocs/tiendav1/Cesta.php</file>
            <file>file:/C:/xampp/htdocs/tiendav1/estilos/tienda.css</file>
            <file>file:/C:/xampp/htdocs/tiendav1/smarty/cesta.tpl</file>
            <file>file:/C:/xampp/htdocs/tiendav1/logoff.php</file>
        </group>
    </open-files>
</project-private>
